{
  "rtime": 0.4316060543060303,
  "utime": 0.37838000000000005,
  "stime": 0.043913,
  "cutime": 0.0,
  "cstime": 0.0,
  "minor_words": 27988744.0,
  "promoted_words": 3988655.0,
  "major_words": 4728392.0,
  "minor_collections": 34,
  "major_collections": 5,
  "compactions": 0,
  "top_heap_words": 4283904
}