{
  "rtime": 0.4321269989013672,
  "utime": 0.378552,
  "stime": 0.044262,
  "cutime": 0.0,
  "cstime": 0.0,
  "minor_words": 28003893.0,
  "promoted_words": 3988655.0,
  "major_words": 4728404.0,
  "minor_collections": 34,
  "major_collections": 5,
  "compactions": 0,
  "top_heap_words": 4283904
}