{
  "rtime": 0.4319181442260742,
  "utime": 0.37849000000000005,
  "stime": 0.044114,
  "cutime": 0.0,
  "cstime": 0.0,
  "minor_words": 27996373.0,
  "promoted_words": 3988655.0,
  "major_words": 4728398.0,
  "minor_collections": 34,
  "major_collections": 5,
  "compactions": 0,
  "top_heap_words": 4283904
}