{
  "rtime": 0.5217127799987793,
  "utime": 0.427929,
  "stime": 0.066941,
  "cutime": 0.0,
  "cstime": 0.0,
  "minor_words": 22909461.0,
  "promoted_words": 4137779.0,
  "major_words": 4603759.0,
  "minor_collections": 23,
  "major_collections": 4,
  "compactions": 0,
  "top_heap_words": 4612096
}