{
  "rtime": 0.5548758506774902,
  "utime": 0.5100640000000001,
  "stime": 0.039234,
  "cutime": 0.0,
  "cstime": 0.0,
  "minor_words": 80924253.0,
  "promoted_words": 3641143.0,
  "major_words": 4239099.0,
  "minor_collections": 89,
  "major_collections": 5,
  "compactions": 0,
  "top_heap_words": 4130816
}