{
  "rtime": 0.4320249557495117,
  "utime": 0.378522,
  "stime": 0.04419,
  "cutime": 0.0,
  "cstime": 0.0,
  "minor_words": 28000160.0,
  "promoted_words": 3988655.0,
  "major_words": 4728401.0,
  "minor_collections": 34,
  "major_collections": 5,
  "compactions": 0,
  "top_heap_words": 4283904
}