{
  "rtime": 0.4317951202392578,
  "utime": 0.37845500000000004,
  "stime": 0.044027000000000004,
  "cutime": 0.0,
  "cstime": 0.0,
  "minor_words": 27992531.0,
  "promoted_words": 3988655.0,
  "major_words": 4728395.0,
  "minor_collections": 34,
  "major_collections": 5,
  "compactions": 0,
  "top_heap_words": 4283904
}