{
  "rtime": 0.11827421188354492,
  "utime": 0.050131,
  "stime": 0.01199,
  "cutime": 0.0,
  "cstime": 0.0,
  "minor_words": 5653063.0,
  "promoted_words": 234373.0,
  "major_words": 731685.0,
  "minor_collections": 6,
  "major_collections": 1,
  "compactions": 0,
  "top_heap_words": 1246208
}