{
  "rtime": 0.34837985038757324,
  "utime": 0.23427800000000001,
  "stime": 0.020104999999999998,
  "cutime": 0.0,
  "cstime": 0.0,
  "minor_words": 38254398.0,
  "promoted_words": 410510.0,
  "major_words": 918682.0,
  "minor_collections": 37,
  "major_collections": 2,
  "compactions": 0,
  "top_heap_words": 990208
}