{
  "rtime": 0.02589893341064453,
  "utime": 0.017092000000000003,
  "stime": 0.005750000000000001,
  "cutime": 0.0,
  "cstime": 0.0,
  "minor_words": 468935.0,
  "promoted_words": 4454.0,
  "major_words": 430001.0,
  "minor_collections": 1,
  "major_collections": 0,
  "compactions": 0,
  "top_heap_words": 491520
}