{
  "rtime": 0.05480504035949707,
  "utime": 0.029558,
  "stime": 0.010066,
  "cutime": 0.0,
  "cstime": 0.0,
  "minor_words": 1728870.0,
  "promoted_words": 137680.0,
  "major_words": 570011.0,
  "minor_collections": 2,
  "major_collections": 1,
  "compactions": 0,
  "top_heap_words": 650240
}